{"cameraMode":{"drawMode":0,"name":"Shaded","section":"Shading Mode"},"sceneLighting":true,"audioPlay":false,"sceneViewState":{"showFog":true,"showMaterialUpdate":true,"showSkybox":true,"showFlares":true,"showImageEffects":true,"showParticleSystems":true},"in2DMode":false,"pivot":{"x":8.30628490447998,"y":-3.6227941513061525,"z":3.126253604888916},"rotation":{"x":0.20425939559936524,"y":0.5146379470825195,"z":-0.12774839997291566,"w":0.8228647112846375},"size":22.0,"orthographic":false}